slogan,industry
"Bold Moves, Every Mile",fitness
"Fuel Your Day The Fresh Way",food
"Stronger Today, Unstoppable Tomorrow",fitness
"Scale Faster, Stress Less",tech
"Clean Home, Clear Mind",eco
"Style That Speaks You",fashion
"Smarter Money, Happier Future",finance
"Cloud Power, Team Speed",tech
"Brew Joy, Sip Slow",food
"Run Free, Feel Light",fitness
"Shine Bright, Wear Bold",fashion
"Green Clean, Real Results",eco
"Own The Day, Your Way",generic
"Sync, Ship, Succeed",tech
"Flavor First, Always",food
"Confidence In Every Step",fashion
"Invest Simply, Grow Steady",finance
"Secure Data, Seamless Days",tech
"Power Up Your Potential",generic
"Taste The Fresh Difference",food
"Train Smart, Recover Faster",fitness
"Style In Motion",fashion
"Planet‑First Clean",eco
"Cash Flow, No Hassle",finance
"From Cloud To Clarity",tech
"Wake Up To Better Coffee",food
"Built To Go The Distance",fitness
"Dress The Way You Feel",fashion
"Save More. Stress Less.",finance
"Sustainably Spotless",eco
"Automation That Accelerates",tech
"Everyday Wins, Every Way",generic
"Juice Up Your Routine",fitness
"Crisp Taste. Zero Fuss.",food
"Look Sharp. Feel Ready.",fashion
"Data You Trust. Speed You Feel.",tech
"Clean Today. Greener Tomorrow.",eco
"Pocket‑Smart. Future‑Ready.",finance
"Make It Bold. Make It You.",generic
"Fresh Roast. Real Flavor.",food
"Smarter Strength, Every Session",fitness
"Seamless Style. Daily Comfort.",fashion
"Secure. Simple. Scalable.",tech
"Green Clean That Gleams",eco
"Invest Easy. Rest Easy.",finance
"Your Pace. Your Power.",fitness
"Flavor You Can Feel",food
"Wear Your Confidence",fashion
"Tech That Gets It Done",tech
"Effortless Clean, Powerful Shine",eco
"Money, Made Simple",finance
"Built For Busy Lives",generic
"Roasted Right. Every Time.",food
"Find Your Strong",fitness
"Style Without The Stress",fashion
"Ship Faster. Fix Less.",tech
"Pure Clean. Pure Care.",eco
"Grow What Matters",finance
"Live Light. Move More.",fitness
"Taste Great. Feel Good.",food
"Comfort That Keeps Up",fashion
"Data Flows. Work Grows.",tech
"Planet‑Kind. People‑Happy.",eco
"Save Smarter. Live Better.",finance
